City, Lat, Lng, Max Temp, Humidity, Cloudiness, Wind Speed, Country, Date
Vaini, -21.2, -175.2, 77, 88, 90, 5.75, TO, 1617499512 
Shepsi, 44.0361, 39.1489, 50.22, 77, 92, 18.52, RU, 1617499512 
Port Alfred, -33.5906, 26.891, 60.98, 82, 1, 10.98, ZA, 1617499513 
Huallanca, -9.8993, -76.9417, 48.22, 91, 100, 3.71, PE, 1617499513 
Mataura, -46.1927, 168.8643, 60.01, 88, 92, 18.01, NZ, 1617499514 
Yellowknife, 62.456, -114.3525, 10.4, 56, 75, 9.22, CA, 1617499514 
Ushuaia, -54.8, -68.3, 39.2, 75, 40, 13.8, AR, 1617499515 
Upernavik, 72.7868, -56.1549, -22.85, 95, 19, 6.08, GL, 1617499515 
New Norfolk, -42.7826, 147.0587, 66, 46, 84, 5.99, AU, 1617499516 
Río Cuarto, -33.1307, -64.3499, 64.4, 77, 0, 11.5, AR, 1617499516 
Tuktoyaktuk, 69.4541, -133.0374, -9.4, 77, 1, 5.75, CA, 1617499517 
Porto-Novo, 6.4965, 2.6036, 80.35, 83, 8, 7.81, BJ, 1617499517 
Esim, 4.8699, -2.2405, 79.2, 91, 28, 6.55, GH, 1617499517 
Albany, 42.6001, -73.9662, 39.2, 41, 75, 6.91, US, 1617499518 
Puerto Ayora, -0.7393, -90.3518, 77, 94, 48, 3, EC, 1617499518 
Kloulklubed, 7.0419, 134.2556, 86, 74, 75, 5.75, PW, 1617499519 
Torbay, 47.6666, -52.7314, 39, 100, 90, 10.36, CA, 1617499520 
George Town, 5.4112, 100.3354, 80.6, 94, 40, 4.61, MY, 1617499520 
Ribeira Grande, 38.5167, -28.7, 61.93, 85, 100, 28.68, PT, 1617499521 
Clyde River, 70.4692, -68.5914, -16.6, 83, 40, 6.91, CA, 1617499521 
Punta Arenas, -53.15, -70.9167, 37.4, 75, 20, 4.61, CL, 1617499342 
Borovoy, 55.4333, 86.0833, 26.6, 80, 0, 6.71, RU, 1617499522 
Curuçá, -0.7289, -47.8481, 74.48, 96, 100, 3.31, BR, 1617499522 
Horsham, 51.064, -0.3272, 41, 70, 75, 5.75, GB, 1617499523 
Vila Franca do Campo, 37.7167, -25.4333, 60.8, 88, 75, 18.41, PT, 1617499523 
Fort Nelson, 58.8053, -122.7002, 48.2, 23, 20, 2.3, CA, 1617499523 
Aksha, 50.2814, 113.2867, 39.27, 33, 100, 8.79, RU, 1617499524 
Jamestown, 42.097, -79.2353, 42.8, 33, 90, 8.05, US, 1617499358 
Butaritari, 3.0707, 172.7902, 82.78, 77, 18, 12.97, KI, 1617499524 
Busselton, -33.65, 115.3333, 66, 87, 100, 5.99, AU, 1617499525 
Havøysund, 70.9963, 24.6622, 28.4, 100, 75, 16.11, NO, 1617499526 
Miraflores, 19.2167, -98.8083, 69.8, 24, 1, 19.57, MX, 1617499527 
Faanui, -16.4833, -151.75, 82.56, 70, 13, 5.14, PF, 1617499527 
Nikolskoye, 59.7035, 30.7861, 34, 93, 0, 6.71, RU, 1617499527 
Avarua, -21.2078, -159.775, 84.2, 74, 97, 13.8, CK, 1617499528 
Chapada dos Guimarães, -15.4606, -55.7497, 75.2, 88, 75, 2.3, BR, 1617499528 
Lincoln, 40.8, -96.667, 68, 22, 1, 5.75, US, 1617499395 
Grand Gaube, -20.0064, 57.6608, 79, 82, 8, 5.01, MU, 1617499529 
Constitución, -35.3333, -72.4167, 56.39, 75, 0, 8.16, CL, 1617499529 
Port Hardy, 50.6996, -127.4199, 44.6, 65, 75, 11.5, CA, 1617499246 
Katsuura, 35.1333, 140.3, 71.01, 67, 95, 5.99, JP, 1617499530 
Tiksi, 71.6872, 128.8694, -11.56, 99, 100, 7.25, RU, 1617499530 
Santiago, -33.4569, -70.6483, 75, 49, 0, 9.22, CL, 1617499412 
Cape Town, -33.9258, 18.4232, 66, 94, 75, 4.61, ZA, 1617499531 
Zheleznodorozhnyy, 55.7503, 38.0042, 33.01, 100, 10, 4.47, RU, 1617499310 
Hilo, 19.7297, -155.09, 73, 83, 90, 9.22, US, 1617499532 
Port Elizabeth, -33.918, 25.5701, 57.2, 88, 0, 3.44, ZA, 1617499355 
Ancud, -41.8697, -73.8203, 50, 87, 0, 2.89, CL, 1617499533 
Yulara, -25.2406, 130.9889, 82.4, 28, 0, 16.11, AU, 1617499534 
Talnakh, 69.4865, 88.3972, -11.69, 80, 6, 9.82, RU, 1617499534 
Panalingaan, 8.7842, 117.4231, 82.99, 71, 100, 1.45, PH, 1617499534 
La Ferté-Bernard, 48.1863, 0.6536, 41, 75, 0, 9.22, FR, 1617499535 
Chui, -33.6971, -53.4616, 65.14, 87, 0, 7.74, UY, 1617499535 
San Cristobal, 7.7669, -72.225, 80.6, 83, 75, 2.3, VE, 1617499536 
Hobart, -42.8794, 147.3294, 66.2, 37, 40, 16.11, AU, 1617499318 
Harper, 4.375, -7.7169, 78.85, 89, 100, 6.98, LR, 1617499536 
Atuona, -9.8, -139.0333, 80.69, 73, 100, 11.01, PF, 1617499537 
Mahébourg, -20.4081, 57.7, 78.8, 89, 75, 6.91, MU, 1617499538 
Tezu, 27.9167, 96.1667, 74.91, 33, 99, 1.61, IN, 1617499538 
Nizhneudinsk, 54.9076, 99.0276, 35.33, 90, 100, 7.52, RU, 1617499539 
Pisco, -13.7, -76.2167, 73.4, 78, 100, 3.44, PE, 1617498878 
Ossora, 59.2353, 163.0719, 14.92, 72, 100, 6.11, RU, 1617499540 
Grandview, 38.8858, -94.533, 66.2, 48, 1, 8.21, US, 1617499541 
Saint Paul Harbor, 57.79, -152.4072, 48.2, 46, 1, 13.8, US, 1617499541 
Bredasdorp, -34.5322, 20.0403, 50, 93, 0, 1.14, ZA, 1617499541 
Fallon, 39.4735, -118.7774, 78.8, 7, 75, 6.91, US, 1617499542 
Rikitea, -23.1203, -134.9692, 77.95, 62, 3, 17.49, PF, 1617499542 
Kapaa, 22.0752, -159.319, 77, 65, 40, 21.85, US, 1617499542 
Manokwari, -0.8667, 134.0833, 83.12, 71, 100, 2.75, ID, 1617499543 
Erzin, 36.9559, 36.2, 57.99, 88, 37, 1.86, TR, 1617499544 
Nyurba, 63.2842, 118.3319, -4.59, 95, 100, 3.53, RU, 1617499544 
Saint George, 37.1041, -113.5841, 86, 9, 1, 10.36, US, 1617499514 
Saskylakh, 71.9167, 114.0833, -16.6, 97, 22, 1.9, RU, 1617499545 
Huron, 41.1501, -82.5499, 55.4, 38, 75, 10.36, US, 1617499531 
Mogadishu, 2.0371, 45.3438, 81.45, 79, 19, 9.53, SO, 1617499327 
Souillac, -20.5167, 57.5167, 78.8, 89, 75, 6.91, MU, 1617499547 
Meadow Lake, 34.8014, -106.5436, 77, 15, 20, 2.42, US, 1617499547 
Airai, -8.9266, 125.4092, 61.25, 97, 100, 6.08, TL, 1617499548 
Narsaq, 60.9167, -46.05, 39.2, 87, 90, 2.3, GL, 1617499548 
Bluff, -46.6, 168.3333, 60.01, 88, 82, 18.01, NZ, 1617499549 
Ürümqi, 43.801, 87.6005, 42.8, 61, 0, 2.24, CN, 1617499549 
Tres Arroyos, -38.3739, -60.2798, 61.68, 80, 0, 9.71, AR, 1617499549 
Takoradze, 4.8845, -1.7554, 79.25, 89, 57, 8.21, GH, 1617499550 
Kavaratti, 10.5669, 72.642, 82.11, 65, 68, 8.01, IN, 1617499550 
Kuching, 1.55, 110.3333, 78.8, 83, 20, 1.03, MY, 1617499550 
Lebu, -37.6167, -73.65, 52.97, 91, 6, 7.92, CL, 1617499551 
Buraidah, 26.326, 43.975, 59, 36, 0, 9.22, SA, 1617498951 
Dikson, 73.5069, 80.5464, -14.98, 83, 97, 5.64, RU, 1617499551 
Lagoa, 39.05, -27.9833, 60.03, 88, 79, 30.53, PT, 1617499552 
Hermanus, -34.4187, 19.2345, 63, 93, 0, 1.99, ZA, 1617499552 
Necochea, -38.5473, -58.7368, 64, 79, 5, 5.01, AR, 1617499553 
Coffs Harbour, -30.3, 153.1333, 73.4, 78, 100, 5.75, AU, 1617499553 
Namatanai, -3.6667, 152.4333, 85.73, 64, 100, 0.74, PG, 1617499390 
Gamba, -2.65, 10, 74.17, 95, 100, 3.67, GA, 1617499554 
São Filipe, 14.8961, -24.4956, 72.99, 73, 100, 10.25, CV, 1617499554 
Bethel, 41.3712, -73.414, 39.99, 41, 1, 3.44, US, 1617499554 
Egvekinot, 66.3167, -179.1667, -2.16, 72, 100, 16.96, RU, 1617499555 
Krasnyy Yar, 46.5331, 48.3456, 44.6, 76, 0, 8.95, RU, 1617499555 
Valdivia, -39.8142, -73.2459, 48.2, 93, 100, 2.3, CL, 1617499556 
Sioux Lookout, 50.1001, -91.917, 42.8, 42, 90, 3.44, CA, 1617499556 
Nchelenge, -9.3451, 28.734, 67.14, 85, 90, 3.76, ZM, 1617499557 
Chipinge, -20.1883, 32.6236, 56.57, 94, 1, 2.24, ZW, 1617499558 
Walvis Bay, -22.9575, 14.5053, 68, 68, 4, 4.61, NA, 1617499296 
Swan Hill, -35.3378, 143.5544, 85.15, 22, 0, 5.26, AU, 1617499559 
Haines Junction, 60.7522, -137.5108, 33.8, 40, 94, 11.5, CA, 1617499560 
Ngunguru, -35.6167, 174.5, 75, 64, 0, 5.99, NZ, 1617499560 
Lubango, -14.9172, 13.4925, 60.39, 82, 54, 3.36, AO, 1617499520 
Elk City, 35.412, -99.4043, 66.2, 55, 1, 9.22, US, 1617499561 
Hong Kong, 22.2855, 114.1577, 80.01, 83, 7, 11.88, HK, 1617499323 
Kuna, 43.4918, -116.4201, 75.2, 14, 1, 4.61, US, 1617499319 
Bengkulu, -3.8004, 102.2655, 78.91, 80, 84, 17, ID, 1617499562 
Naze, 28.3667, 129.4833, 73.4, 88, 40, 9.22, JP, 1617499562 
Korla, 41.7597, 86.1469, 46.94, 28, 26, 13.11, CN, 1617499562 
Ahar, 38.4774, 47.0699, 40.68, 58, 0, 5.37, IR, 1617499563 
Sebezh, 56.2955, 28.4654, 30.49, 97, 66, 4.05, RU, 1617499563 
Liliani, 32.2065, 72.9537, 62.73, 19, 7, 4.03, PK, 1617499564 
San Luis, -33.295, -66.3356, 65.28, 63, 3, 9.24, AR, 1617499269 
Turbo, 8.0937, -76.7269, 78.13, 89, 100, 6.33, CO, 1617499564 
Boueni, -12.9025, 45.0761, 82.4, 83, 75, 6.91, YT, 1617499565 
Port Hedland, -20.3167, 118.5667, 93.2, 27, 100, 10.36, AU, 1617499565 
College, 64.8569, -147.8028, 28, 80, 90, 3.44, US, 1617499316 
Belaya Gora, 68.5333, 146.4167, 1.63, 82, 51, 3.36, RU, 1617499566 
Peniche, 39.3558, -9.3811, 57, 88, 2, 3, PT, 1617499567 
Hithadhoo, -0.6, 73.0833, 83.5, 74, 10, 16.2, MV, 1617499568 
Bonavista, 48.6499, -53.1147, 39.2, 87, 16, 3.44, CA, 1617499568 
Geraldton, -28.7667, 114.6, 77, 53, 0, 19.57, AU, 1617499568 
Coahuayana Viejo, 18.7333, -103.6833, 82.4, 36, 40, 4.12, MX, 1617499569 
Ponta do Sol, 32.6667, -17.1, 57, 68, 45, 3, PT, 1617499569 
Qaanaaq, 77.484, -69.3632, -20.63, 77, 35, 7.47, GL, 1617499570 
San Quintín, 30.4833, -115.95, 62.73, 72, 7, 17, MX, 1617499570 
Tasiilaq, 65.6145, -37.6368, 17.6, 53, 0, 16.11, GL, 1617499571 
Assiniboia, 49.6334, -105.9845, 55.4, 24, 89, 6.91, CA, 1617499571 
San Patricio, 28.017, -97.5169, 66.99, 68, 75, 13.8, US, 1617499571 
Kieta, -6.2167, 155.6333, 82.8, 78, 100, 3.87, PG, 1617499572 
Lokosovo, 61.1333, 74.8167, 30.43, 91, 100, 11.03, RU, 1617499573 
Dingle, 10.9995, 122.6711, 84.34, 63, 13, 13.49, PH, 1617499573 
Hastings, 50.8552, 0.5729, 43, 75, 94, 1.01, GB, 1617499574 
Iqaluit, 63.7506, -68.5145, 0, 71, 75, 2.3, CA, 1617499574 
The Valley, 18.217, -63.0578, 78.8, 78, 20, 6.91, AI, 1617499575 
Balikpapan, -1.2675, 116.8289, 79.14, 86, 100, 1.1, ID, 1617499562 
Olinda, -8.0089, -34.8553, 78.8, 78, 40, 4.61, BR, 1617499575 
Aleksandrov Gay, 50.147, 48.5704, 43.81, 87, 100, 9.31, RU, 1617499576 
Verkh-Usugli, 52.7, 115.1667, 33.6, 56, 62, 5.7, RU, 1617499576 
Dunedin, -45.8742, 170.5036, 71.19, 47, 7, 7.81, NZ, 1617499576 
Kaduy, 59.2, 37.15, 22.98, 98, 49, 3.33, RU, 1617499577 
Ostrovnoy, 68.0531, 39.5131, 22.8, 91, 100, 15.35, RU, 1617499577 
Iberia, 29.9502, -91.7507, 61, 63, 75, 3.29, US, 1617499577 
Kaitangata, -46.2817, 169.8464, 69.17, 53, 34, 15.95, NZ, 1617499578 
Thompson, 55.7435, -97.8558, 39.2, 45, 20, 4.61, CA, 1617499579 
Richards Bay, -28.783, 32.0377, 65.48, 76, 16, 5.95, ZA, 1617499509 
Tessalit, 20.1986, 1.0114, 76.55, 8, 17, 10.22, ML, 1617499579 
Vanimo, -2.6741, 141.3028, 83.68, 72, 100, 2.1, PG, 1617499580 
Nemuro, 43.3236, 145.575, 39.2, 93, 75, 4.61, JP, 1617499580 
Saldanha, -33.0117, 17.9442, 64.4, 88, 0, 9.22, ZA, 1617499580 
Rovenki, 48.0833, 39.3776, 35.15, 89, 98, 4.7, UA, 1617499581 
Palmer, 42.1584, -72.3287, 36, 47, 20, 2.84, US, 1617499581 
Jaisinghnagar, 23.7, 81.3833, 70.25, 10, 0, 5.97, IN, 1617499582 
Salalah, 17.0151, 54.0924, 75.2, 73, 0, 4.61, OM, 1617499582 
Aguié, 13.506, 7.7786, 70.99, 11, 0, 8.41, NE, 1617499583 
Sturgis, 41.7992, -85.4192, 59, 38, 1, 3.44, US, 1617499583 
Basco, 20.4487, 121.9702, 78.76, 77, 8, 12.35, PH, 1617499584 
Cocorit, 27.5833, -109.9667, 82.4, 17, 1, 4.61, MX, 1617499584 
Bambous Virieux, -20.3428, 57.7575, 79, 89, 75, 6.91, MU, 1617499585 
Tela, 15.7833, -87.45, 78.8, 94, 75, 6.91, HN, 1617499585 
Rocha, -34.4833, -54.3333, 59.88, 93, 0, 4.34, UY, 1617499586 
Chapais, 49.7834, -74.8492, 30.2, 40, 75, 2.3, CA, 1617499587 
Makakilo City, 21.3469, -158.0858, 82.4, 47, 40, 13.8, US, 1617499587 
Colac, -38.3333, 143.5833, 70, 83, 0, 6.91, AU, 1617499587 
Penzance, 50.1186, -5.5371, 42.01, 93, 0, 9.22, GB, 1617499588 
Esperance, -33.8667, 121.9, 68, 68, 90, 16.11, AU, 1617499588 
Bucerías, 20.75, -105.3333, 77, 83, 40, 6.91, MX, 1617499559 
Pyshchug, 58.8873, 45.7134, 22.53, 95, 22, 3.98, RU, 1617499589 
Doha, 25.2867, 51.5333, 71.6, 49, 0, 17.27, QA, 1617499570 
Vardø, 70.3705, 31.1107, 33.42, 87, 100, 20.96, NO, 1617499590 
Troitskoye, 52.9821, 84.6757, 22.01, 93, 78, 4.5, RU, 1617499590 
Pevek, 69.7008, 170.3133, -9.06, 95, 99, 5.08, RU, 1617499591 
Bowen, -20.0167, 148.2333, 78.8, 83, 90, 11.5, AU, 1617499591 
Mae Sot, 16.7167, 98.5667, 75.2, 94, 75, 4.61, TH, 1617499591 
Mehamn, 71.0357, 27.8492, 32.07, 84, 100, 18.39, NO, 1617499592 
La Brea, 15.8, -85.9667, 75.2, 94, 75, 4.61, HN, 1617499592 
Khatanga, 71.9667, 102.5, -15.7, 90, 10, 4.59, RU, 1617499593 
Fortuna, 40.5982, -124.1573, 55, 76, 75, 8.05, US, 1617499593 
Minudasht, 37.2289, 55.3747, 51.8, 93, 90, 6.91, IR, 1617499593 
Payson, 40.0444, -111.7321, 77, 14, 40, 0.81, US, 1617499594 
Marsh Harbour, 26.5412, -77.0636, 67.73, 57, 3, 24.05, BS, 1617499594 
San Jose, 37.3394, -121.895, 63, 58, 75, 14.97, US, 1617499368 
Castro, -24.7911, -50.0119, 57.2, 96, 81, 4.52, BR, 1617499595 
Ginir, 7.1333, 40.7, 59.59, 73, 59, 3.69, ET, 1617499595 
Jiménez, 28.3333, -105.4, 86, 11, 1, 13.8, MX, 1617499596 
Lüderitz, -26.6481, 15.1594, 69.06, 56, 5, 15.64, NA, 1617499596 
Havelock, 34.8791, -76.9013, 48, 61, 1, 4.61, US, 1617499345 
Qui Nhon, 13.7667, 109.2333, 79.83, 83, 86, 5.66, VN, 1617499409 
Callaway, 30.153, -85.5699, 57, 67, 100, 3.87, US, 1617499597 
Nuuk, 64.1835, -51.7216, 24.8, 58, 75, 25.32, GL, 1617499597 
Mackay, -21.15, 149.2, 77, 88, 75, 16.11, AU, 1617499598 
La Palma, 33.8464, -118.0467, 71.6, 52, 1, 8.05, US, 1617499598 
Santa Inês, -3.6667, -45.38, 74.57, 95, 100, 3.56, BR, 1617499599 
Barrow, 71.2906, -156.7887, -9.4, 70, 1, 5.75, US, 1617499599 
Wasilla, 61.5814, -149.4394, 39, 60, 90, 3.44, US, 1617499491 
Sept-Îles, 50.2001, -66.3821, 26.6, 74, 90, 2.3, CA, 1617499600 
Mil'kovo, 54.7167, 158.6167, 26.82, 88, 100, 11.61, RU, 1617499600 
Guane, 22.2025, -84.0875, 70.63, 56, 12, 14.07, CU, 1617499601 
Quatre Cocos, -20.2078, 57.7625, 79, 89, 75, 6.91, MU, 1617499601 
Kokoda, -8.8785, 147.7407, 76.32, 93, 100, 0.76, PG, 1617499390 
Batemans Bay, -35.7167, 150.1833, 81, 65, 66, 1.01, AU, 1617499602 
Zhuhai, 22.2769, 113.5678, 80.6, 74, 40, 10.36, CN, 1617499602 
East London, -33.0153, 27.9116, 61.74, 78, 5, 10.8, ZA, 1617499386 
Mar del Plata, -38.0023, -57.5575, 66.99, 88, 0, 5.75, AR, 1617499603 
Sandpoint, 48.2766, -116.5533, 60.01, 31, 1, 4.61, US, 1617499603 
Anchorage, 61.2181, -149.9003, 36, 64, 90, 3.44, US, 1617499505 
Kruisfontein, -34.0033, 24.7314, 59.29, 51, 0, 5.55, ZA, 1617499604 
Alexandria, 31.2156, 29.9553, 53.6, 82, 0, 4.61, EG, 1617499604 
Anadyr, 64.75, 177.4833, 3.2, 78, 75, 8.95, RU, 1617499605 
Bègles, 44.8084, -0.5481, 46.4, 61, 0, 6.91, FR, 1617499605 
Horki, 54.2861, 30.9842, 31.48, 85, 71, 5.77, BY, 1617499605 
Onalaska, 43.8844, -91.2351, 60.8, 33, 1, 2.84, US, 1617499336 
Cabo San Lucas, 22.8909, -109.9124, 82.4, 26, 20, 5.75, MX, 1617499506 
Hasaki, 35.7333, 140.8333, 72, 56, 75, 16.11, JP, 1617499607 
Floriano, -6.7669, -43.0225, 79.74, 68, 73, 2.01, BR, 1617499513 
Atar, 20.5169, -13.0499, 82.11, 20, 29, 7.78, MR, 1617499607 
Cidreira, -30.1811, -50.2056, 72.52, 76, 91, 16.49, BR, 1617499608 
Sur, 22.5667, 59.5289, 84.76, 35, 6, 7.54, OM, 1617499608 
Madera, 37.1666, -119.8343, 69.01, 54, 100, 1.01, US, 1617499608 
Abomsa, 9.9833, 39.9833, 68.94, 45, 6, 3.47, ET, 1617499609 
Leningradskiy, 69.3833, 178.4167, -3.41, 89, 100, 6.22, RU, 1617499609 
Hattiesburg, 31.3271, -89.2903, 59, 55, 1, 3.44, US, 1617499610 
Carnarvon, -24.8667, 113.6333, 84.2, 42, 0, 18.41, AU, 1617499610 
Leander, 30.5788, -97.8531, 63, 84, 100, 5.79, US, 1617499611 
Sri Aman, 1.2376, 111.4621, 78.8, 89, 20, 1.12, MY, 1617499611 
Sonoita, 31.85, -112.8333, 91, 10, 3, 3, MX, 1617499611 
Waipawa, -41.4122, 175.5153, 64.4, 63, 40, 33.38, NZ, 1617499612 
Sirte, 31.2089, 16.5887, 72.28, 26, 3, 17.9, LY, 1617499612 
Masindi, 1.6744, 31.715, 63.07, 98, 80, 3.94, UG, 1617499613 
Aykhal, 66, 111.5, -11.18, 96, 100, 6.89, RU, 1617499613 
Pochutla, 15.7432, -96.4661, 87.8, 48, 40, 11.5, MX, 1617499613 
Gargždai, 55.7128, 21.4033, 35.6, 93, 20, 4.61, LT, 1617499614 
Faya, 18.3851, 42.4509, 62.6, 72, 0, 2.95, SA, 1617499614 
Belokurikha, 51.9959, 84.9896, 29.55, 81, 11, 3.38, RU, 1617499615 
Sobolevo, 54.4299, 31.8996, 32.16, 90, 83, 4.79, RU, 1617499615 
Vuktyl, 63.8567, 57.3094, 19.83, 95, 100, 5.06, RU, 1617499616 
Puerto Cabello, 10.4731, -68.0125, 80.6, 65, 0, 4.52, VE, 1617499616 
Fare, -16.7, -151.0167, 82.27, 70, 16, 4.94, PF, 1617499616 
Sinnamary, 5.3833, -52.95, 77.59, 90, 99, 13.4, GF, 1617499617 
Seoul, 37.5683, 126.9778, 53.6, 62, 0, 11.5, KR, 1617499351 
Bundaberg, -24.85, 152.35, 71.6, 94, 90, 18.41, AU, 1617499390 
Provideniya, 64.3833, -173.3, 9.84, 81, 100, 8.46, RU, 1617499618 
Thessalon, 46.2501, -83.5666, 37.4, 75, 1, 3.44, CA, 1617499618 
Saint-Leu, -21.15, 55.2833, 77, 69, 0, 3.44, RE, 1617499619 
Nouakchott, 18.0858, -15.9785, 73.4, 60, 0, 13.8, MR, 1617499435 
Nanortalik, 60.1432, -45.2371, 35.51, 98, 100, 9.55, GL, 1617499619 
Tallahassee, 30.4383, -84.2807, 57.2, 44, 40, 3.09, US, 1617499572 
Maceió, -9.6658, -35.7353, 78.8, 89, 75, 3.44, BR, 1617499440 
Sungai Raya, 0.7, 108.9, 81.64, 71, 81, 5.41, ID, 1617499620 
Sistranda, 63.7256, 8.834, 42.8, 87, 75, 33.38, NO, 1617499620 
Touros, -5.1989, -35.4608, 75.2, 94, 75, 4.61, BR, 1617499621 
Honningsvåg, 70.9821, 25.9704, 32.25, 82, 100, 22.12, NO, 1617499621 
Socuéllamos, 39.2858, -2.7921, 46.99, 79, 7, 4.99, ES, 1617499622 
Larap, 14.299, 122.6504, 80.62, 83, 9, 9.91, PH, 1617499623 
Ghanzi, -21.5667, 21.7833, 70.2, 44, 0, 3.49, BW, 1617499623 
Mount Gambier, -37.8333, 140.7667, 69.8, 64, 40, 10.36, AU, 1617499623 
Pacific Grove, 36.6177, -121.9166, 57, 74, 100, 7.92, US, 1617499559 
Sterling, 39.0062, -77.4286, 48.2, 29, 20, 5.75, US, 1617499439 
Simões, -7.5989, -40.8178, 78.42, 44, 15, 8.63, BR, 1617499625 
Old Shinyanga, -3.55, 33.4, 66.02, 88, 89, 2.46, TZ, 1617499625 
Port Lincoln, -34.7333, 135.8667, 73.09, 65, 0, 8.23, AU, 1617499625 
Maxixe, -23.8597, 35.3472, 72.86, 79, 81, 10.85, MZ, 1617499626 
Srednekolymsk, 67.45, 153.6833, 8.65, 75, 16, 6.31, RU, 1617499626 
Nadym, 65.5333, 72.5167, 29.48, 95, 100, 7.16, RU, 1617499627 
Mwense, -10.3845, 28.698, 63.91, 95, 50, 2.8, ZM, 1617499627 
Zyryanka, 65.75, 150.85, 6.13, 80, 63, 6.06, RU, 1617499627 
Pangnirtung, 66.1451, -65.7125, -3.82, 69, 100, 7.58, CA, 1617499628 
Ilulissat, 69.2167, -51.1, 3.2, 66, 2, 9.22, GL, 1617499628 
San Fernando del Valle de Catamarca, -28.4696, -65.7852, 59, 89, 100, 1.99, AR, 1617499589 
Kyshtovka, 56.555, 76.6271, 15.62, 90, 100, 7.07, RU, 1617499629 
Mizdah, 31.4451, 12.9801, 73.71, 12, 100, 21.72, LY, 1617499629 
Los Llanos de Aridane, 28.6585, -17.9182, 64.4, 68, 75, 6.91, ES, 1617499630 
Karlskrona, 56.1616, 15.5866, 26.6, 93, 6, 1.14, SE, 1617499630 
Strezhevoy, 60.7333, 77.5889, 33.8, 80, 0, 8.95, RU, 1617499630 
Kropotkin, 45.4375, 40.5756, 47.86, 83, 96, 15.82, RU, 1617499631 
Sandnessjøen, 66.0217, 12.6316, 41, 93, 90, 13.8, NO, 1617499631 
Ondangwa, -17.9167, 15.95, 68, 73, 2, 3.44, NA, 1617499632 
Mitchell, 43.7094, -98.0298, 68, 22, 1, 12.66, US, 1617499399 
Tuatapere, -46.1333, 167.6833, 60.01, 88, 100, 18.01, NZ, 1617499633 
Hargeisa, 9.56, 44.065, 63.25, 56, 6, 5.61, SO, 1617499633 
Westport, 41.1415, -73.3579, 44.6, 57, 1, 4.54, US, 1617499634 
Lahad Datu, 5.0268, 118.327, 82.72, 75, 98, 2.84, MY, 1617499634 
San José de las Lajas, 22.9614, -82.1511, 69.8, 60, 40, 9.22, CU, 1617499634 
Khovd, 48.0056, 91.6419, 33.64, 24, 0, 0.81, MN, 1617499635 
Jacqueville, 5.2052, -4.4146, 84.2, 84, 40, 9.22, CI, 1617499635 
Ferrol, 43.4832, -8.2369, 51.01, 81, 0, 2.3, ES, 1617499636 
Koumac, -20.5667, 164.2833, 81.55, 78, 100, 6.6, NC, 1617499636 
Amapá, 1, -52, 72.52, 97, 39, 4.23, BR, 1617499636 
Likhoslavl', 57.1275, 35.464, 28.36, 95, 75, 4.36, RU, 1617499637 
Benguela, -12.5763, 13.4055, 79.52, 86, 100, 3.96, AO, 1617499638 
Klyuchi, 52.2667, 79.1667, 22.66, 88, 10, 6.6, RU, 1617499639 
Aracati, -4.5617, -37.7697, 79.68, 82, 78, 8.7, BR, 1617499639 
Hobyo, 5.3505, 48.5268, 82, 71, 63, 11.48, SO, 1617499639 
Dicabisagan, 17.0818, 122.4157, 83.86, 63, 3, 6.51, PH, 1617499640 
Manggar, -2.8833, 108.2667, 82.49, 75, 48, 6.98, ID, 1617499640 
Sesheke, -17.4759, 24.2968, 62.87, 62, 0, 4.27, ZM, 1617499641 
Xining, 36.6167, 101.7667, 33.91, 83, 90, 2.17, CN, 1617499641 
Warmbad, -28.45, 18.7333, 74.14, 28, 0, 4.21, NA, 1617499641 
Santa Lucía, 27.9117, -15.5407, 66.2, 63, 75, 13.8, ES, 1617499642 
Skegness, 53.1436, 0.3363, 42.01, 87, 0, 4.61, GB, 1617499642 
Fernley, 39.608, -119.2518, 73, 11, 100, 7, US, 1617499643 
Maricá, -22.9194, -42.8186, 77, 88, 75, 4.61, BR, 1617499347 
Longyearbyen, 78.2186, 15.6401, 21.2, 79, 90, 11.5, SJ, 1617499643 
Blackwater, -23.5833, 148.8833, 79.88, 59, 100, 15.17, AU, 1617499644 
Auki, -8.7676, 160.7034, 87.91, 62, 81, 3.36, SB, 1617499644 
City of San Pedro, 14.35, 121.0167, 87.8, 58, 20, 5.75, PH, 1617499644 
Berbera, 10.4396, 45.0143, 76.41, 68, 25, 2.68, SO, 1617499645 
Trairi, -3.2778, -39.2689, 78.06, 86, 16, 7.96, BR, 1617499645 
Loukhi, 66.0764, 33.0381, 26.71, 88, 100, 7.29, RU, 1617499646 
Donskoy, 53.9711, 38.3363, 31.15, 86, 92, 6.06, RU, 1617499646 
Hofn, 64.2539, -15.2082, 42.71, 62, 8, 18.9, IS, 1617499646 
Pesaro, 43.9036, 12.8903, 52, 93, 100, 3.44, IT, 1617499647 
Port Keats, -14.25, 129.55, 82.65, 58, 100, 8.77, AU, 1617499647 
Labuhan, -6.8844, 112.2051, 82.63, 76, 100, 8.86, ID, 1617499647 
Tieling, 42.2931, 123.8414, 48.06, 16, 0, 6.76, CN, 1617499648 
Pierre, 44.3683, -100.351, 73.4, 17, 1, 9.22, US, 1617499648 
Norman Wells, 65.282, -126.8329, 14, 52, 75, 5.75, CA, 1617499649 
Dibulla, 11.2725, -73.3091, 77.67, 85, 100, 1.72, CO, 1617499649 
Chichawatni, 30.5333, 72.7, 65.25, 11, 9, 4.97, PK, 1617499649 
Bongaree, -27.0797, 153.1586, 72, 96, 100, 1.99, AU, 1617499650 
Evensk, 61.95, 159.2333, 12.15, 66, 71, 11.36, RU, 1617499651 
Churapcha, 62.0025, 132.4325, 2.95, 83, 100, 3.65, RU, 1617499651 
Santa Cruz, 30.4202, -9.5982, 57.2, 88, 20, 4.61, MA, 1617499651 
Niamtougou, 9.7681, 1.1053, 80.6, 41, 0, 2.3, TG, 1617499652 
Lander, 42.833, -108.7307, 69.8, 11, 1, 6.91, US, 1617499375 
Buhe, 30.2876, 112.2298, 55, 78, 100, 11.27, CN, 1617499653 
Narasannapeta, 18.4167, 84.05, 78.04, 64, 19, 2.57, IN, 1617499653 
Kargasok, 59.0556, 80.8572, 31.3, 93, 80, 9.75, RU, 1617499654 
Tuy Hoa, 13.0833, 109.3, 80.69, 81, 85, 8.1, VN, 1617499515 
Petropavlovsk-Kamchatskiy, 53.0452, 158.6483, 35.6, 87, 90, 22.37, RU, 1617499654 
Saint Lawrence, 36.0553, 14.204, 59, 94, 75, 11.5, MT, 1617499655 
Pau dos Ferros, -6.1125, -38.2063, 74.41, 84, 35, 2.08, BR, 1617499655 
Saint-Philippe, -21.3585, 55.7679, 77, 69, 0, 3.44, RE, 1617499656 
Lavrentiya, 65.5833, -171, 6.12, 89, 100, 10.4, RU, 1617499657 
Sokolo, 14.7328, -6.1219, 84, 7, 4, 9.1, ML, 1617499657 
Kupang, -10.1667, 123.5833, 77, 100, 90, 12.66, ID, 1617499658 
Pahrump, 36.2083, -115.9839, 86, 4, 6, 3, US, 1617499658 
Codrington, -38.2667, 141.9667, 67.05, 66, 21, 10.33, AU, 1617499658 
Nishihara, 26.1842, 127.7558, 73.4, 83, 90, 16.11, JP, 1617499659 
Bathsheba, 13.2167, -59.5167, 78.8, 61, 40, 19.57, BB, 1617499659 
Luba, 3.4568, 8.5547, 75.2, 88, 20, 3.44, GQ, 1617499660 
May Pen, 17.9645, -77.2451, 77, 83, 75, 13.8, JM, 1617499660 
George Town, 5.4112, 100.3354, 80.6, 94, 40, 4.61, MY, 1617499426 
Alofi, -19.0595, -169.9187, 86, 70, 27, 6.91, NU, 1617499661 
Methóni, 36.8197, 21.7049, 59, 93, 100, 2.3, GR, 1617499661 
Timiryazevskiy, 56.49, 84.8769, 32, 78, 99, 7.02, RU, 1617499661 
Taoudenni, 22.6783, -3.9836, 86.65, 8, 100, 8.59, ML, 1617499662 
Oktyabr'skoye, 43.0645, 44.7417, 39.2, 87, 16, 6.71, RU, 1617499662 
Andenes, 69.3143, 16.1194, 32, 93, 100, 17.27, NO, 1617499663 
Ust-Nera, 64.5667, 143.2, 11.7, 87, 100, 6.11, RU, 1617499663 
Laas, 46.6166, 10.7002, 36, 80, 0, 10.36, IT, 1617499663 
Zhigansk, 66.7697, 123.3711, -9.24, 94, 98, 5.19, RU, 1617499664 
Teya, 60.3778, 92.6267, 29.07, 91, 96, 5.68, RU, 1617499664 
Guasdualito, 7.2424, -70.7324, 81.25, 63, 100, 4.36, VE, 1617499665 
Natá, 8.3333, -80.5167, 82.4, 69, 20, 9.22, PA, 1617499665 
Mahajanga, -15.7167, 46.3167, 75.2, 100, 20, 1.92, MG, 1617499666 
Cherskiy, 68.75, 161.3, -0.04, 85, 39, 5.1, RU, 1617499666 
Olafsvik, 64.8945, -23.7142, 28.4, 72, 50, 26.71, IS, 1617499667 
Tucupita, 9.0622, -62.051, 74.59, 87, 98, 4.79, VE, 1617499667 
Tarata, -17.6167, -66.0167, 66.2, 45, 75, 9.22, BO, 1617499412 
Rio Grande, -32.035, -52.0986, 70, 93, 0, 1.01, BR, 1617499668 
Ballangen, 68.3428, 16.8315, 34, 93, 100, 5.75, NO, 1617499668 
Cabra, 37.4725, -4.4421, 55, 77, 15, 1.01, ES, 1617499669 
Arona, 28.0996, -16.681, 66.2, 55, 75, 6.91, ES, 1617499669 
Kununurra, -15.7667, 128.7333, 89.6, 43, 100, 8.05, AU, 1617499669 
Pokhara, 28.2333, 83.9833, 63.12, 12, 0, 7.9, NP, 1617499670 
Raja, 8.4596, 25.678, 75.38, 21, 15, 4.12, SS, 1617499516 
Nazas, 25.2333, -104.1333, 85.59, 19, 81, 4.5, MX, 1617499671 
Hamilton, 39.1834, -84.5333, 53.6, 43, 1, 9.22, US, 1617499374 
Atambua, -9.1061, 124.8925, 72.95, 94, 100, 13.96, ID, 1617499671 
Kulhudhuffushi, 6.6221, 73.07, 83.88, 61, 3, 9.13, MV, 1617499672 
Santa María del Oro, 25.9333, -105.3667, 75.47, 26, 82, 12.12, MX, 1617499672 
Karratha, -20.7377, 116.8463, 89.69, 30, 41, 8.59, AU, 1617499672 
Nouadhibou, 20.931, -17.0347, 66.2, 77, 99, 17.27, MR, 1617499673 
Tilichiki, 60.4667, 166.1, 9.61, 76, 11, 7.02, RU, 1617499673 
Soyo, -6.1349, 12.3689, 77.25, 90, 100, 7.09, AO, 1617499674 
Chokurdakh, 70.6333, 147.9167, -5.71, 94, 21, 5.68, RU, 1617499674 
Kyzyl-Suu, 42.3414, 78.0056, 28.56, 41, 0, 8.08, KG, 1617499675 
Denpasar, -8.65, 115.2167, 86, 74, 20, 6.91, ID, 1617499594 
Mersing, 2.4312, 103.8405, 78.8, 94, 20, 3.44, MY, 1617499675 
Sheridan, 44.8333, -106.9173, 68, 42, 1, 3.44, US, 1617499676 
Guerrero Negro, 27.9769, -114.0611, 63.48, 72, 0, 15.48, MX, 1617499475 
Jiuquan, 39.7432, 98.5174, 39.36, 92, 100, 3.94, CN, 1617499676 
Russell, 32.3502, -85.1999, 55.4, 62, 1, 0.27, US, 1617499677 
Maralal, 1.0968, 36.698, 59.92, 85, 92, 4.92, KE, 1617499628 
Sola, -13.8833, 167.55, 87.8, 79, 90, 6.91, VU, 1617499678 
Beyneu, 45.3167, 55.2, 45.25, 75, 100, 16.89, KZ, 1617499678 
Vysokogornyy, 50.1167, 139.15, 25.07, 64, 94, 13.8, RU, 1617499679 
Aksu, 41.1231, 80.2644, 39.15, 63, 37, 12.5, CN, 1617499679 
Praia, 14.9215, -23.5087, 75.2, 46, 0, 19.57, CV, 1617499679 
Phalombe, -15.8064, 35.6507, 62.94, 96, 38, 1.66, MW, 1617499680 
Paamiut, 61.994, -49.6678, 33.12, 98, 100, 4.09, GL, 1617499680 
Neryungri, 56.6709, 124.6491, 16.16, 82, 76, 1.9, RU, 1617499681 
Sánchez, 19.2281, -69.6137, 73.31, 85, 69, 4.21, DO, 1617499681 
Garden City, 42.3256, -83.331, 62.6, 41, 20, 9.22, US, 1617499492 
Talas, 38.6908, 35.5538, 33.8, 86, 0, 4.23, TR, 1617499682 
Ushtobe, 45.2514, 77.9838, 39.88, 55, 0, 6.8, KZ, 1617499683 
Jasper, 37.2001, -94.3502, 60.8, 44, 1, 8.05, US, 1617499683 
Tokat, 40.4167, 36.5833, 37.6, 73, 36, 5.21, TR, 1617499684 
Idritsa, 56.3316, 28.8988, 30.15, 96, 22, 4.23, RU, 1617499684 
Buala, -8.145, 159.5921, 85.1, 71, 100, 7.54, SB, 1617499684 
Cairns, -16.9167, 145.7667, 84.2, 74, 100, 10.36, AU, 1617499515 
Isangel, -19.55, 169.2667, 84.2, 79, 90, 11.5, VU, 1617499685 
Alugan, 12.2188, 125.4808, 82.87, 63, 95, 10.38, PH, 1617499685 
Nome, 64.5011, -165.4064, 26.01, 80, 90, 9.22, US, 1617499686 
Galveston, 29.3669, -94.9669, 66, 63, 1, 9.22, US, 1617499686 
Arraial do Cabo, -22.9661, -42.0278, 76.03, 74, 11, 6.76, BR, 1617499687 
Brae, 60.3964, -1.353, 46.4, 81, 90, 23.02, GB, 1617499687 
São João do Piauí, -8.3581, -42.2467, 79.7, 48, 26, 3, BR, 1617499688 
Xucheng, 20.35, 110.1288, 80.6, 83, 40, 6.71, CN, 1617499689 
Sadovoye, 47.7764, 44.5089, 47.93, 85, 100, 14.74, RU, 1617499689 
El Ejido, 36.7763, -2.8146, 62.6, 63, 0, 5.75, ES, 1617499690 
Loikaw, 19.6742, 97.2094, 73.09, 51, 85, 3.62, MM, 1617499690 
Lata, 40.1629, -8.3327, 53.01, 93, 0, 3.4, PT, 1617499691 
Fairbanks, 64.8378, -147.7164, 30.99, 93, 90, 4.61, US, 1617499691 
Inta, 66.0317, 60.1659, 8.89, 97, 80, 4.29, RU, 1617499691 
Alice Springs, -23.7, 133.8833, 80.6, 29, 0, 13.8, AU, 1617499692 
Kathu, 7.9178, 98.3332, 84.2, 79, 40, 10.36, TH, 1617499692 
Maniitsoq, 65.4167, -52.9, 17.91, 52, 100, 11.88, GL, 1617499693 
Kavieng, -2.5744, 150.7967, 84.29, 69, 100, 3.22, PG, 1617499693 
Belmonte, -15.8631, -38.8828, 77, 88, 40, 2.3, BR, 1617499693 
Turbat, 26.0023, 63.044, 77.58, 31, 0, 2.89, PK, 1617499694 
‘Ewa Beach, 21.3156, -158.0072, 82.4, 47, 40, 13.8, US, 1617499433 
Birjand, 32.8663, 59.2211, 59, 12, 40, 11.5, IR, 1617499694 
Mawlaik, 23.6333, 94.4167, 77.18, 27, 6, 0.65, MM, 1617499695 
Sitka, 57.0531, -135.33, 39.2, 65, 75, 8.05, US, 1617499695 
Kungurtug, 50.5994, 97.5228, 22.82, 67, 50, 1.7, RU, 1617499695 
Flinders, -34.5833, 150.8552, 82.99, 56, 5, 1.01, AU, 1617499696 
Anbu, 23.449, 116.6809, 69.8, 94, 90, 8.95, CN, 1617499696 
Varazze, 44.3595, 8.5741, 55.4, 67, 20, 3.44, IT, 1617499697 
Mariehamn, 60.0973, 19.9348, 39.2, 70, 0, 4.61, AX, 1617499697 
Znamenskoye, 57.1281, 73.8282, 24.13, 88, 100, 7.05, RU, 1617499697 
Langsa, 4.4683, 97.9683, 77.2, 91, 100, 1.36, ID, 1617499698 
Kiruna, 67.8557, 20.2251, 32, 74, 20, 12.66, SE, 1617499698 
Sevierville, 35.8681, -83.5618, 50, 37, 1, 3.91, US, 1617499699 
Klaksvík, 62.2266, -6.589, 44.6, 87, 75, 25.32, FO, 1617499699 
Morant Bay, 17.8815, -76.4093, 77, 83, 75, 13.8, JM, 1617499699 
Tigil', 57.8, 158.6667, 30.4, 67, 100, 10.92, RU, 1617499700 
Pagudpud, 18.5616, 120.7868, 80.6, 74, 20, 4.61, PH, 1617499701 
Batagay, 67.6333, 134.6333, -2.92, 89, 100, 5.46, RU, 1617499702 
Clarence Town, -32.5833, 151.7833, 79, 73, 60, 8.05, AU, 1617499702 
Boa Vista, 2.8197, -60.6733, 86, 58, 75, 10.36, BR, 1617499703 
Juneau, 58.3019, -134.4197, 41, 65, 90, 6.91, US, 1617499487 
Lompoc, 34.6391, -120.4579, 57.2, 62, 5, 12.66, US, 1617499703 
Nzérékoré, 7.7562, -8.8179, 71.87, 85, 5, 3, GN, 1617499704 
La Ronge, 55.1001, -105.2842, 42.8, 28, 61, 5.75, CA, 1617499704 
São João Nepomuceno, -21.54, -43.0106, 66.52, 93, 2, 2.28, BR, 1617499515 
Camopi, 3.1655, -52.3158, 72.97, 98, 100, 3.44, GF, 1617499705 
Alekseyevsk, 57.8406, 108.3492, 31.15, 94, 100, 8.25, RU, 1617499705 
Mango, 27.9797, -82.3065, 66.2, 55, 75, 4.61, US, 1617499706 
Avallon, 47.4833, 3.9, 36, 70, 0, 7.65, FR, 1617499706 
Diego de Almagro, -26.3667, -70.05, 64.45, 50, 99, 1.63, CL, 1617499707 
Perth, -31.9333, 115.8333, 73, 64, 0, 9.22, AU, 1617499708 
Zavoronezhskoye, 52.8801, 40.5526, 31.24, 89, 28, 4.74, RU, 1617499708 
Smithers, 54.7804, -127.1743, 33.8, 86, 90, 5.75, CA, 1617499708 
Okhotsk, 59.3833, 143.3, 28.94, 57, 100, 10.56, RU, 1617499709 
Zhangjiakou, 40.81, 114.8794, 44.13, 18, 100, 2.62, CN, 1617499709 
Roura, 4.7263, -52.3274, 80.01, 94, 75, 2.3, GF, 1617499710 
Charlottetown, 46.2352, -63.1267, 28.99, 74, 90, 10.36, CA, 1617499671 
Pitimbu, -7.4706, -34.8086, 75.2, 100, 0, 6.91, BR, 1617499710 
Concepción del Oro, 24.6333, -101.4167, 68.31, 18, 56, 10.87, MX, 1617499710 
Kutum, 14.2, 24.6667, 67.14, 14, 100, 10.78, SD, 1617499509 
Arrondissement de Saint-Denis, 48.9167, 2.3333, 41, 81, 0, 6.91, FR, 1617499711 
Ketchikan, 55.3422, -131.6461, 44.6, 65, 40, 11.5, US, 1617499711 
Plettenberg Bay, -34.0527, 23.3716, 64.38, 55, 0, 4.81, ZA, 1617499712 
Yumen, 40.2833, 97.2, 42.55, 57, 100, 15.75, CN, 1617499712 
Marsaxlokk, 35.8419, 14.5431, 59, 94, 75, 11.5, MT, 1617499713 
Nador, 35.174, -2.9287, 62.6, 72, 0, 4.61, MA, 1617499713 
Englewood, 39.6478, -104.9878, 73, 8, 20, 5.75, US, 1617499461 
Jalu, 29.0331, 21.5482, 66.72, 19, 14, 12.06, LY, 1617499714 
Portland, 45.5234, -122.6762, 68, 40, 75, 9.22, US, 1617499242 
Padang, -0.9492, 100.3543, 78.8, 69, 75, 3.44, ID, 1617499470 
Rodney, 42.5668, -81.6831, 46.4, 61, 1, 11.5, CA, 1617499716 
Mitsamiouli, -11.3847, 43.2844, 81.84, 74, 99, 7.29, KM, 1617499717 
Guadalajara, 20.6667, -103.3333, 81, 18, 20, 8.05, MX, 1617499622 
Sparta, 43.9441, -90.8129, 51.8, 46, 6, 3.06, US, 1617499717 
Makat, 47.6469, 53.3463, 40.84, 90, 3, 5.53, KZ, 1617499718 
Vanderhoof, 54.0166, -124.0198, 40.57, 79, 100, 2.46, CA, 1617499681 
Balyqshy, 47.0667, 51.8667, 37.4, 93, 40, 6.71, KZ, 1617499719 
Bose, 45.4612, 8.0137, 54, 63, 99, 1.99, IT, 1617499719 
Bukavu, -2.5083, 28.8608, 60.08, 95, 100, 0.96, CD, 1617499719 
Tsimmerbude, 54.675, 20.1347, 36, 93, 40, 6.71, RU, 1617499720 
Mazatlán, 23.2167, -106.4167, 78.8, 61, 20, 5.75, MX, 1617499507 
Traverse City, 44.7631, -85.6206, 42.8, 65, 1, 2.13, US, 1617499439 
Tongren, 27.7172, 109.1853, 50.41, 91, 100, 5.39, CN, 1617499721 
Vao, -22.6667, 167.4833, 75.74, 72, 93, 25.79, NC, 1617499721 
Colares, 38.7992, -9.4469, 55.99, 84, 10, 8.99, PT, 1617499721 
Lima, -12.0432, -77.0282, 73.99, 73, 0, 4.61, PE, 1617499638 
Kamenka, 51.3223, 42.7678, 33.01, 93, 100, 11.34, RU, 1617499722 
Usakos, -22, 15.6, 75.54, 41, 0, 5.28, NA, 1617499723 
Vestmannaeyjar, 63.4427, -20.2734, 36.97, 69, 31, 32.44, IS, 1617499723 
Spassk, 52.747, 87.7545, 26.53, 86, 81, 2.46, RU, 1617499723 
Riverton, 40.5219, -111.9391, 73, 20, 22, 1.99, US, 1617499724 
Tambura, 5.6, 27.4667, 71.24, 37, 17, 4.32, SS, 1617499516 
São João da Barra, -21.6403, -41.0511, 73.71, 85, 47, 8.14, BR, 1617499724 
Beringovskiy, 63.05, 179.3167, 4.28, 82, 100, 21.79, RU, 1617499725 
Balsas, -7.5325, -46.0356, 75.18, 86, 50, 1.36, BR, 1617499725 
Luanda, -8.8368, 13.2343, 78.8, 94, 75, 3.44, AO, 1617499726 
Honiara, -9.4333, 159.95, 88.36, 65, 78, 7.34, SB, 1617499577 
Aklavik, 68.2191, -135.0107, -0.4, 65, 100, 8.05, CA, 1617499727 
Zaysan, 47.4667, 84.8667, 33.57, 64, 6, 1.48, KZ, 1617499727 
Sayyan, 15.1718, 44.3244, 55.6, 19, 6, 1.21, YE, 1617499727 
Wewak, -3.5534, 143.6268, 79.47, 84, 100, 3.53, PG, 1617499728 
Casper, 42.8666, -106.3131, 64.99, 20, 1, 5.75, US, 1617499728 
Buarcos, 40.166, -8.8768, 57.2, 88, 75, 3.44, PT, 1617499729 
Te Anau, -45.4167, 167.7167, 55.74, 93, 100, 7.4, NZ, 1617499729 
Letlhakeng, -24.0944, 25.0298, 70.21, 35, 0, 6.69, BW, 1617499729 
Steamboat Springs, 40.485, -106.8317, 66.2, 14, 1, 4.65, US, 1617499540 
Lucapa, -8.4192, 20.7447, 65.01, 95, 100, 1.54, AO, 1617499730 
Pastavy, 55.1168, 26.8326, 32.63, 89, 96, 6.82, BY, 1617499730 
Milyutinskaya, 48.6279, 41.6679, 41.59, 82, 100, 10.85, RU, 1617499731 
Beloha, -25.1667, 45.05, 69.08, 91, 46, 3.87, MG, 1617499731 
Zhangaözen, 43.3, 52.8, 42.17, 75, 7, 10.67, KZ, 1617499731 
Jacareacanga, -6.2222, -57.7528, 73.81, 97, 96, 1.59, BR, 1617499677 
Rovinj, 45.08, 13.64, 50, 49, 0, 17.27, HR, 1617499655 
Cecina, 43.3128, 10.524, 52, 49, 100, 16.11, IT, 1617499732 
Hualmay, -11.0964, -77.6139, 70.41, 80, 75, 6.62, PE, 1617499733 
Shimoda, 34.6667, 138.95, 69.01, 77, 75, 11.5, JP, 1617499733 
Cockburn Town, 21.4612, -71.1419, 76.44, 76, 37, 27.67, TC, 1617499707 
Solnechnyy, 50.7214, 136.6319, 31.82, 36, 1, 7.34, RU, 1617499734 
Inongo, -1.95, 18.2667, 72.72, 93, 100, 4.07, CD, 1617499734 
Kota Kinabalu, 5.9749, 116.0724, 84.2, 79, 20, 2.3, MY, 1617499735 
Kahului, 20.8947, -156.47, 77, 69, 40, 16.11, US, 1617499735 
Lagunas, -5.2269, -75.6753, 73.47, 93, 99, 2.73, PE, 1617499736 
Moose Factory, 51.2585, -80.6094, 35.6, 80, 90, 3.44, CA, 1617499736 
Nicolás Bravo, 18.45, -88.9167, 80.6, 47, 1, 6.2, MX, 1617499736 
Meulaboh, 4.1363, 96.1285, 77.05, 84, 100, 3.27, ID, 1617499737 
Severo-Kuril'sk, 50.6789, 156.125, 34.11, 96, 100, 27.25, RU, 1617499737 
Launceston, -41.45, 147.1667, 68, 48, 0, 18.41, AU, 1617499738 
Grindavik, 63.8424, -22.4338, 32, 74, 75, 32.21, IS, 1617499738 
Coquimbo, -29.9533, -71.3436, 59, 88, 90, 3.44, CL, 1617499470 
Hellín, 38.5106, -1.701, 48, 100, 0, 3.44, ES, 1617499739 
Mishan, 45.55, 131.8833, 39.96, 25, 33, 11.07, CN, 1617499739 
Dillon, 34.4166, -79.3712, 44.01, 65, 1, 5.61, US, 1617499739 
Piraquara, -25.4417, -49.0633, 62.6, 94, 90, 6.91, BR, 1617499563 
Brownsville, 25.9018, -97.4975, 69.8, 64, 1, 14.97, US, 1617499741 
Thinadhoo, 0.5333, 72.9333, 82.83, 75, 0, 14.83, MV, 1617499741 
Mundi, 22.0667, 76.5, 79.18, 17, 0, 4.14, IN, 1617499742 
Planaltina, -15.4528, -47.6142, 68, 88, 75, 3.44, BR, 1617499743 
Santa Cruz de la Sierra, -17.8, -63.1667, 71.6, 100, 90, 4.61, BO, 1617499743 
Muros, 42.7762, -9.0603, 52, 61, 0, 12.77, ES, 1617499743 
Husavik, 66.0449, -17.3389, 23, 86, 90, 14.97, IS, 1617499744 
Genç, 38.7507, 40.5603, 41.88, 78, 7, 2.53, TR, 1617499744 
Paita, -5.0892, -81.1144, 72.05, 79, 57, 7.87, PE, 1617499745 
Moree, -29.4667, 149.85, 77, 50, 100, 13.8, AU, 1617499745 
